{
    "elapsed_time": 24.123000505031087,
    "num_requests": 128,
    "total_num_tokens": 147456,
    "requests_per_second": 5.306139257979303,
    "tokens_per_second": 6112.672425192157
}