{
    "elapsed_time": 22.04683035495691,
    "num_requests": 128,
    "total_num_tokens": 147456,
    "requests_per_second": 5.805823238042971,
    "tokens_per_second": 6688.3083702255035
}