{
    "elapsed_time": 24.428121229982935,
    "num_requests": 128,
    "total_num_tokens": 147456,
    "requests_per_second": 5.239862648253666,
    "tokens_per_second": 6036.321770788224
}