{
    "elapsed_time": 22.667341528984252,
    "num_requests": 128,
    "total_num_tokens": 147456,
    "requests_per_second": 5.646890696746643,
    "tokens_per_second": 6505.218082652133
}