{
 "0": {
  "n": 38,
  "mean": 5.707602463270488,
  "max": 42.66666793823242
 },
 "1": {
  "n": 38,
  "mean": 5.696454807331688,
  "max": 42.66666793823242
 },
 "10": {
  "n": 38,
  "mean": 40.20431297703793,
  "max": 42.66666793823242
 },
 "11": {
  "n": 38,
  "mean": 39.35197368421053,
  "max": 42.66666793823242
 },
 "12": {
  "n": 38,
  "mean": 34.16155022069027,
  "max": 42.66666793823242
 },
 "13": {
  "n": 38,
  "mean": 39.76699548018606,
  "max": 42.66666793823242
 },
 "14": {
  "n": 38,
  "mean": 42.49707613493267,
  "max": 42.66666793823242
 },
 "15": {
  "n": 38,
  "mean": 40.631031237150495,
  "max": 42.66666793823242
 },
 "16": {
  "n": 38,
  "mean": 42.52065076326069,
  "max": 42.66666793823242
 },
 "17": {
  "n": 38,
  "mean": 41.980446464137025,
  "max": 42.66666793823242
 },
 "18": {
  "n": 38,
  "mean": 42.52723011217619,
  "max": 42.66666793823242
 },
 "19": {
  "n": 38,
  "mean": 14.982821765698885,
  "max": 42.66666793823242
 },
 "2": {
  "n": 38,
  "mean": 5.715460645525079,
  "max": 42.66666793823242
 },
 "20": {
  "n": 38,
  "mean": 40.580775009958366,
  "max": 42.66666793823242
 },
 "21": {
  "n": 38,
  "mean": 33.69371374029862,
  "max": 42.66666793823242
 },
 "22": {
  "n": 38,
  "mean": 35.69481036537572,
  "max": 42.66666793823242
 },
 "23": {
  "n": 38,
  "mean": 14.19645475086413,
  "max": 42.66666793823242
 },
 "24": {
  "n": 38,
  "mean": 40.345394937615644,
  "max": 42.66666793823242
 },
 "25": {
  "n": 38,
  "mean": 36.15113328632555,
  "max": 42.66666793823242
 },
 "26": {
  "n": 38,
  "mean": 42.411732723838405,
  "max": 42.66666793823242
 },
 "27": {
  "n": 38,
  "mean": 41.63267517089844,
  "max": 42.66666793823242
 },
 "28": {
  "n": 38,
  "mean": 42.500731217233756,
  "max": 42.66666793823242
 },
 "29": {
  "n": 38,
  "mean": 42.51133085552015,
  "max": 42.66666793823242
 },
 "3": {
  "n": 38,
  "mean": 34.59923292461195,
  "max": 42.66666793823242
 },
 "30": {
  "n": 38,
  "mean": 32.43366231416401,
  "max": 42.66666793823242
 },
 "31": {
  "n": 38,
  "mean": 17.254203344646253,
  "max": 42.66666793823242
 },
 "32": {
  "n": 38,
  "mean": 27.550438730340254,
  "max": 42.66666793823242
 },
 "33": {
  "n": 38,
  "mean": 42.24652782239412,
  "max": 42.66666793823242
 },
 "34": {
  "n": 38,
  "mean": 33.29294616297672,
  "max": 42.66666793823242
 },
 "35": {
  "n": 38,
  "mean": 11.591191693356162,
  "max": 42.66666793823242
 },
 "36": {
  "n": 38,
  "mean": 42.39692989148592,
  "max": 42.66666793823242
 },
 "37": {
  "n": 38,
  "mean": 39.63961992765728,
  "max": 42.66666793823242
 },
 "38": {
  "n": 38,
  "mean": 37.0423977500514,
  "max": 42.66666793823242
 },
 "39": {
  "n": 38,
  "mean": 30.692251707378187,
  "max": 42.66666793823242
 },
 "4": {
  "n": 38,
  "mean": 34.09082663686652,
  "max": 42.66666793823242
 },
 "40": {
  "n": 38,
  "mean": 38.7527413619192,
  "max": 42.66666793823242
 },
 "41": {
  "n": 38,
  "mean": 40.7940424868935,
  "max": 42.66666793823242
 },
 "42": {
  "n": 38,
  "mean": 35.54148402966951,
  "max": 42.66666793823242
 },
 "5": {
  "n": 38,
  "mean": 24.6631945559853,
  "max": 42.66666793823242
 },
 "6": {
  "n": 38,
  "mean": 25.829312876651162,
  "max": 42.66666793823242
 },
 "7": {
  "n": 38,
  "mean": 18.029970871774776,
  "max": 42.66666793823242
 },
 "8": {
  "n": 38,
  "mean": 40.782712032920436,
  "max": 42.66666793823242
 },
 "9": {
  "n": 38,
  "mean": 42.00986842105263,
  "max": 42.66666793823242
 },
 "send_matrix": {
  "0": {
   "cells": [
    226600,
    200698,
    192860,
    221666
   ],
   "tokens": [
    119912,
    109088,
    107122,
    114448
   ],
   "calls": 38
  },
  "1": {
   "cells": [
    217412,
    210222,
    230304,
    183886
   ],
   "tokens": [
    119906,
    118466,
    116530,
    105340
   ],
   "calls": 38
  },
  "2": {
   "cells": [
    228012,
    219058,
    210964,
    183790
   ],
   "tokens": [
    119988,
    118318,
    116226,
    104934
   ],
   "calls": 38
  },
  "3": {
   "cells": [
    220002,
    259030,
    212312,
    150480
   ],
   "tokens": [
    124000,
    131896,
    120482,
    109042
   ],
   "calls": 38
  },
  "4": {
   "cells": [
    95600,
    438308,
    157026,
    150890
   ],
   "tokens": [
    78662,
    138504,
    103158,
    104066
   ],
   "calls": 38
  },
  "5": {
   "cells": [
    341924,
    162212,
    172414,
    165274
   ],
   "tokens": [
    135486,
    103176,
    111328,
    104336
   ],
   "calls": 38
  },
  "6": {
   "cells": [
    226550,
    286754,
    151074,
    177446
   ],
   "tokens": [
    121098,
    133516,
    99730,
    109518
   ],
   "calls": 38
  },
  "7": {
   "cells": [
    222556,
    150742,
    260060,
    208466
   ],
   "tokens": [
    117968,
    96908,
    127384,
    113056
   ],
   "calls": 38
  },
  "8": {
   "cells": [
    268122,
    188610,
    155910,
    229182
   ],
   "tokens": [
    138034,
    114098,
    108274,
    128648
   ],
   "calls": 38
  },
  "9": {
   "cells": [
    158316,
    150896,
    259118,
    273494
   ],
   "tokens": [
    95908,
    104112,
    124924,
    139844
   ],
   "calls": 38
  },
  "10": {
   "cells": [
    543476,
    148510,
    53508,
    96330
   ],
   "tokens": [
    140258,
    99544,
    45358,
    81250
   ],
   "calls": 38
  },
  "11": {
   "cells": [
    332776,
    124180,
    120386,
    264482
   ],
   "tokens": [
    139450,
    92556,
    93572,
    128290
   ],
   "calls": 38
  },
  "12": {
   "cells": [
    249206,
    172642,
    236614,
    183362
   ],
   "tokens": [
    133910,
    107942,
    131880,
    118454
   ],
   "calls": 38
  },
  "13": {
   "cells": [
    303370,
    254276,
    110176,
    174002
   ],
   "tokens": [
    139778,
    134866,
    87208,
    108420
   ],
   "calls": 38
  },
  "14": {
   "cells": [
    239210,
    97364,
    168032,
    337218
   ],
   "tokens": [
    132588,
    78584,
    109016,
    140272
   ],
   "calls": 38
  },
  "15": {
   "cells": [
    172894,
    107760,
    145298,
    415872
   ],
   "tokens": [
    109666,
    76416,
    101092,
    140136
   ],
   "calls": 38
  },
  "16": {
   "cells": [
    141050,
    201348,
    425232,
    74194
   ],
   "tokens": [
    97170,
    125922,
    140268,
    58762
   ],
   "calls": 38
  },
  "17": {
   "cells": [
    215678,
    98912,
    168294,
    358940
   ],
   "tokens": [
    139338,
    82442,
    138272,
    139386
   ],
   "calls": 38
  },
  "18": {
   "cells": [
    102696,
    175008,
    313582,
    250538
   ],
   "tokens": [
    80800,
    119022,
    140278,
    134044
   ],
   "calls": 38
  },
  "19": {
   "cells": [
    232880,
    233698,
    192584,
    182662
   ],
   "tokens": [
    118512,
    119526,
    107660,
    113094
   ],
   "calls": 38
  },
  "20": {
   "cells": [
    123632,
    270618,
    189258,
    258316
   ],
   "tokens": [
    106646,
    138040,
    133438,
    139808
   ],
   "calls": 38
  },
  "21": {
   "cells": [
    265154,
    134920,
    217758,
    223992
   ],
   "tokens": [
    137506,
    98024,
    128748,
    126914
   ],
   "calls": 38
  },
  "22": {
   "cells": [
    213642,
    168854,
    249482,
    209846
   ],
   "tokens": [
    133340,
    111960,
    136226,
    120082
   ],
   "calls": 38
  },
  "23": {
   "cells": [
    193594,
    183366,
    157070,
    307794
   ],
   "tokens": [
    112868,
    106878,
    99740,
    133452
   ],
   "calls": 38
  },
  "24": {
   "cells": [
    323262,
    112654,
    186240,
    219668
   ],
   "tokens": [
    138452,
    76218,
    119636,
    136546
   ],
   "calls": 38
  },
  "25": {
   "cells": [
    184600,
    217754,
    237974,
    201496
   ],
   "tokens": [
    117454,
    121368,
    134840,
    116454
   ],
   "calls": 38
  },
  "26": {
   "cells": [
    516592,
    47406,
    104454,
    173372
   ],
   "tokens": [
    140256,
    41758,
    79838,
    118076
   ],
   "calls": 38
  },
  "27": {
   "cells": [
    289898,
    126516,
    223662,
    201748
   ],