{
 "0": {
  "n": 79,
  "mean": 15.414541120770611,
  "max": 42.66666793823242
 },
 "1": {
  "n": 79,
  "mean": 22.813938410976267,
  "max": 42.66666793823242
 },
 "10": {
  "n": 79,
  "mean": 31.104401503937154,
  "max": 42.66666793823242
 },
 "11": {
  "n": 79,
  "mean": 27.630118019973175,
  "max": 42.66666793823242
 },
 "12": {
  "n": 79,
  "mean": 34.42359236222279,
  "max": 42.66666793823242
 },
 "13": {
  "n": 79,
  "mean": 28.593510084514378,
  "max": 42.66666793823242
 },
 "14": {
  "n": 79,
  "mean": 33.16340600991551,
  "max": 42.66666793823242
 },
 "15": {
  "n": 79,
  "mean": 25.767927700960183,
  "max": 42.66666793823242
 },
 "16": {
  "n": 79,
  "mean": 34.30311765550058,
  "max": 42.66666793823242
 },
 "17": {
  "n": 79,
  "mean": 33.997042016138,
  "max": 42.66666793823242
 },
 "18": {
  "n": 79,
  "mean": 32.13357575332062,
  "max": 42.66666793823242
 },
 "19": {
  "n": 79,
  "mean": 28.236075340947018,
  "max": 42.66666793823242
 },
 "2": {
  "n": 79,
  "mean": 15.719908088068419,
  "max": 42.66666793823242
 },
 "20": {
  "n": 79,
  "mean": 32.834039374242856,
  "max": 42.66666793823242
 },
 "21": {
  "n": 79,
  "mean": 23.979275353347198,
  "max": 42.66666793823242
 },
 "22": {
  "n": 79,
  "mean": 24.722012531908252,
  "max": 42.66666793823242
 },
 "23": {
  "n": 79,
  "mean": 20.373628676692142,
  "max": 42.66666793823242
 },
 "24": {
  "n": 79,
  "mean": 24.587679669826844,
  "max": 42.66666793823242
 },
 "25": {
  "n": 79,
  "mean": 22.90962471539461,
  "max": 42.66666793823242
 },
 "26": {
  "n": 79,
  "mean": 26.60391982597641,
  "max": 42.66666793823242
 },
 "27": {
  "n": 79,
  "mean": 23.58941300307648,
  "max": 42.66666793823242
 },
 "28": {
  "n": 79,
  "mean": 26.530420303344727,
  "max": 42.66666793823242
 },
 "29": {
  "n": 79,
  "mean": 27.6374646440337,
  "max": 42.66666793823242
 },
 "3": {
  "n": 79,
  "mean": 28.814725972429105,
  "max": 42.66666793823242
 },
 "30": {
  "n": 79,
  "mean": 22.027515471736088,
  "max": 42.66666793823242
 },
 "31": {
  "n": 79,
  "mean": 19.263768811769122,
  "max": 42.66666793823242
 },
 "32": {
  "n": 79,
  "mean": 29.362119529820696,
  "max": 42.66666793823242
 },
 "33": {
  "n": 79,
  "mean": 28.070365760899797,
  "max": 42.66666793823242
 },
 "34": {
  "n": 79,
  "mean": 30.76833273489264,
  "max": 42.66666793823242
 },
 "35": {
  "n": 79,
  "mean": 16.884190686141388,
  "max": 42.66666793823242
 },
 "36": {
  "n": 79,
  "mean": 29.548121029817604,
  "max": 42.66666793823242
 },
 "37": {
  "n": 79,
  "mean": 25.53407664238652,
  "max": 42.66666793823242
 },
 "38": {
  "n": 79,
  "mean": 27.837461857856074,
  "max": 42.66666793823242
 },
 "39": {
  "n": 79,
  "mean": 28.5216985050636,
  "max": 42.66666793823242
 },
 "4": {
  "n": 79,
  "mean": 29.172212576564355,
  "max": 42.66666793823242
 },
 "40": {
  "n": 79,
  "mean": 26.69681841210474,
  "max": 42.66666793823242
 },
 "41": {
  "n": 79,
  "mean": 25.273925274233275,
  "max": 42.66666793823242
 },
 "42": {
  "n": 79,
  "mean": 19.651940804493577,
  "max": 42.66666793823242
 },
 "5": {
  "n": 79,
  "mean": 24.033347552335716,
  "max": 42.66666793823242
 },
 "6": {
  "n": 79,
  "mean": 30.23314669162412,
  "max": 42.66666793823242
 },
 "7": {
  "n": 79,
  "mean": 21.4645584685893,
  "max": 42.66666793823242
 },
 "8": {
  "n": 79,
  "mean": 32.49039876913722,
  "max": 42.66666793823242
 },
 "9": {
  "n": 79,
  "mean": 34.74733963495569,
  "max": 42.66666793823242
 },
 "send_matrix": {
  "0": {
   "cells": [
    81402,
    62138,
    63708,
    92368
   ],
   "tokens": [
    42295,
    34710,
    34068,
    42523
   ],
   "calls": 79
  },
  "1": {
   "cells": [
    77343,
    66595,
    99289,
    56389
   ],
   "tokens": [
    44481,
    42073,
    43486,
    31757
   ],
   "calls": 79
  },
  "2": {
   "cells": [
    90232,
    78646,
    75478,
    55260
   ],
   "tokens": [
    44047,
    43985,
    43196,
    31011
   ],
   "calls": 79
  },
  "3": {
   "cells": [
    67214,
    94086,
    80017,
    58299
   ],
   "tokens": [
    37561,
    47051,
    41406,
    42511
   ],
   "calls": 79
  },
  "4": {
   "cells": [
    43321,
    122153,
    68236,
    65906
   ],
   "tokens": [
    34625,
    48566,
    40190,
    43474
   ],
   "calls": 79
  },
  "5": {
   "cells": [
    115018,
    65712,
    64398,
    54488
   ],
   "tokens": [
    47891,
    39506,
    42290,
    33674
   ],
   "calls": 79
  },
  "6": {
   "cells": [
    90663,
    103127,
    38453,
    67373
   ],
   "tokens": [
    44413,
    48694,
    27104,
    39902
   ],
   "calls": 79
  },
  "7": {
   "cells": [
    88032,
    46755,
    106948,
    57881
   ],
   "tokens": [
    42620,
    30217,
    47152,
    33286
   ],
   "calls": 79
  },
  "8": {
   "cells": [
    87344,
    78772,
    58435,
    75065
   ],
   "tokens": [
    49069,
    43780,
    41393,
    44118
   ],
   "calls": 79
  },
  "9": {
   "cells": [
    81648,
    53090,
    75080,
    89798
   ],
   "tokens": [
    37846,
    38967,
    38215,
    49377
   ],
   "calls": 79
  },
  "10": {
   "cells": [
    181050,
    59352,
    21252,
    37962
   ],
   "tokens": [
    49788,
    39512,
    16846,
    31588
   ],
   "calls": 79
  },
  "11": {
   "cells": [
    109957,
    57517,
    45968,
    86174
   ],
   "tokens": [
    47914,
    37010,
    35773,
    39698
   ],
   "calls": 79
  },
  "12": {
   "cells": [
    100744,
    66355,
    82721,
    49796
   ],
   "tokens": [
    48306,
    40588,
    47389,
    32584
   ],
   "calls": 79
  },
  "13": {
   "cells": [
    101472,
    72275,
    49976,
    75893
   ],
   "tokens": [
    49374,
    45170,
    37427,
    40393
   ],
   "calls": 79
  },
  "14": {
   "cells": [
    79232,
    47641,
    65332,
    107411
   ],
   "tokens": [
    45372,
    37342,
    40409,
    49701
   ],
   "calls": 79
  },
  "15": {
   "cells": [
    55502,
    57941,
    56598,
    129575
   ],
   "tokens": [
    34593,
    36021,
    36024,
    49448
   ],
   "calls": 79
  },
  "16": {
   "cells": [
    57140,
    54261,
    147920,
    40295
   ],
   "tokens": [
    35024,
    39222,
    49746,
    26399
   ],
   "calls": 79
  },
  "17": {
   "cells": [
    91125,
    47937,
    62198,
    98356
   ],
   "tokens": [
    49825,
    32900,
    45541,
    47196
   ],
   "calls": 79
  },
  "18": {
   "cells": [
    29489,
    61588,
    115684,
    92855
   ],
   "tokens": [
    23348,
    39278,
    49752,
    48208
   ],
   "calls": 79
  },
  "19": {
   "cells": [
    85820,
    71993,
    80431,
    61372
   ],
   "tokens": [
    44367,
    41492,
    41672,
    41976
   ],
   "calls": 79
  },
  "20": {
   "cells": [
    36424,
    94723,
    77582,
    90887
   ],
   "tokens": [
    32420,
    48080,
    48989,
    49404
   ],
   "calls": 79
  },
  "21": {
   "cells": [
    96750,
    53845,
    75730,
    73291
   ],
   "tokens": [
    48417,
    39166,
    43559,
    44774
   ],
   "calls": 79
  },
  "22": {
   "cells": [
    69789,
    57535,
    96258,
    76034
   ],
   "tokens": [
    46430,
    40452,
    48552,
    44111
   ],
   "calls": 79
  },
  "23": {
   "cells": [
    64079,
    58147,
    63392,
    113998
   ],
   "tokens": [
    41136,
    34015,
    38247,
    47335
   ],
   "calls": 79
  },
  "24": {
   "cells": [
    90947,
    59758,
    71850,
    77061
   ],
   "tokens": [
    47157,
    31484,
    44465,
    47712
   ],
   "calls": 79
  },
  "25": {
   "cells": [
    60598,
    88991,
    77696,
    72331
   ],
   "tokens": [
    41417,
    45746,
    47609,
    42097
   ],
   "calls": 79
  },
  "26": {
   "cells": [
    167651,
    26418,
    40507,
    65040
   ],
   "tokens": [
    49497,
    22618,
    29601,
    40966
   ],
   "calls": 79
  },
  "27": {
   "cells": [
    84832,
    53709,
    85250,
    75825
   ],
   "tokens": [
    39700,
    33542,
    45384,
    42561
   ],
   "calls": 79
  },
  "28": {
   "cells": [
    92020,
    64074,
    56142,
    87380
   ],