{
 "0": {
  "n": 70,
  "mean": 13.837705142157418,
  "max": 42.66666793823242
 },
 "1": {
  "n": 70,
  "mean": 13.948883274623325,
  "max": 42.66666793823242
 },
 "2": {
  "n": 70,
  "mean": 13.717787946973528,
  "max": 42.66666793823242
 },
 "3": {
  "n": 70,
  "mean": 18.02307037625994,
  "max": 42.66666793823242
 },
 "4": {
  "n": 70,
  "mean": 24.066031973702568,
  "max": 42.66666793823242
 },
 "5": {
  "n": 70,
  "mean": 15.294410242353166,
  "max": 42.66666793823242
 },
 "6": {
  "n": 70,
  "mean": 20.642476872035434,
  "max": 42.66666793823242
 },
 "7": {
  "n": 70,
  "mean": 16.30249069758824,
  "max": 42.66666793823242
 },
 "8": {
  "n": 70,
  "mean": 18.93338097163609,
  "max": 42.66666793823242
 },
 "9": {
  "n": 70,
  "mean": 16.270026915413993,
  "max": 42.66666793823242
 },
 "10": {
  "n": 70,
  "mean": 16.428244386400497,
  "max": 42.66666793823242
 },
 "11": {
  "n": 70,
  "mean": 17.74256959642683,
  "max": 42.66666793823242
 },
 "12": {
  "n": 70,
  "mean": 17.43875410897391,
  "max": 42.66666793823242
 },
 "13": {
  "n": 70,
  "mean": 16.888983808244976,
  "max": 42.66666793823242
 },
 "14": {
  "n": 70,
  "mean": 19.58041627066476,
  "max": 42.66666793823242
 },
 "15": {
  "n": 70,
  "mean": 19.760087026868547,
  "max": 42.66666793823242
 },
 "16": {
  "n": 70,
  "mean": 20.476277555738175,
  "max": 42.66666793823242
 },
 "17": {
  "n": 70,
  "mean": 25.67360350745065,
  "max": 42.66666793823242
 },
 "18": {
  "n": 70,
  "mean": 21.089271681649343,
  "max": 42.66666793823242
 },
 "19": {
  "n": 70,
  "mean": 18.351651627676826,
  "max": 42.66666793823242
 },
 "20": {
  "n": 70,
  "mean": 21.42409966332572,
  "max": 42.66666793823242
 },
 "21": {
  "n": 70,
  "mean": 16.232799243927,
  "max": 42.66666793823242
 },
 "22": {
  "n": 70,
  "mean": 17.68811616897583,
  "max": 42.66666793823242
 },
 "23": {
  "n": 70,
  "mean": 16.978803403036935,
  "max": 42.66666793823242
 },
 "24": {
  "n": 70,
  "mean": 15.355741187504359,
  "max": 42.66666793823242
 },
 "25": {
  "n": 70,
  "mean": 17.649815940856932,
  "max": 42.66666793823242
 },
 "26": {
  "n": 70,
  "mean": 15.914155905587332,
  "max": 42.66666793823242
 },
 "27": {
  "n": 70,
  "mean": 15.576898670196533,
  "max": 42.66666793823242
 },
 "28": {
  "n": 70,
  "mean": 16.75764593396868,
  "max": 42.66666793823242
 },
 "29": {
  "n": 70,
  "mean": 15.424896260670254,
  "max": 42.66666793823242
 },
 "30": {
  "n": 70,
  "mean": 16.37129877635411,
  "max": 42.66666793823242
 },
 "31": {
  "n": 70,
  "mean": 19.268871334620883,
  "max": 42.66666793823242
 },
 "32": {
  "n": 70,
  "mean": 18.255238342285157,
  "max": 42.66666793823242
 },
 "33": {
  "n": 70,
  "mean": 24.215226459503175,
  "max": 42.66666793823242
 },
 "34": {
  "n": 70,
  "mean": 17.270693370274135,
  "max": 42.66666793823242
 },
 "35": {
  "n": 70,
  "mean": 15.512886006491525,
  "max": 42.66666793823242
 },
 "36": {
  "n": 70,
  "mean": 16.29324688230242,
  "max": 42.66666793823242
 },
 "37": {
  "n": 70,
  "mean": 21.519250896998813,
  "max": 42.66666793823242
 },
 "38": {
  "n": 70,
  "mean": 15.144395446777343,
  "max": 42.66666793823242
 },
 "39": {
  "n": 70,
  "mean": 28.009259496416366,
  "max": 42.66666793823242
 },
 "40": {
  "n": 70,
  "mean": 22.873611559186664,
  "max": 42.66666793823242
 },
 "41": {
  "n": 70,
  "mean": 18.963194601876395,
  "max": 42.66666793823242
 },
 "42": {
  "n": 70,
  "mean": 18.377143110547745,
  "max": 42.66666793823242
 }
}