{
 "tag": "rt_native",
 "workload": "decode",
 "input_len": 128,
 "output_len": 256,
 "num_prompts": 1024,
 "eager": false,
 "model": "/lustre/share/coreai_dlalgo_ci/artifacts/model/deepseek-ai_deepseek-v4-flash/hf/hf-6e76323_orig",
 "fi_moe_ep": "0",
 "fi_megakernel": "deep_gemm_mega",
 "median_total_tok_per_s": 28612.991766566633,
 "rounds": [
  {
   "round": 0,
   "warmup": true,
   "elapsed_s": 14.134951751009794,
   "total_tok_per_s": 27818.701253926025,
   "output_tok_per_s": 18545.800835950682
  },
  {
   "round": 1,
   "warmup": false,
   "elapsed_s": 13.488173801000812,
   "total_tok_per_s": 29152.649261594157,
   "output_tok_per_s": 19435.09950772944
  },
  {
   "round": 2,
   "warmup": false,
   "elapsed_s": 13.742568522997317,
   "total_tok_per_s": 28612.991766566633,
   "output_tok_per_s": 19075.327844377756
  },
  {
   "round": 3,
   "warmup": false,
   "elapsed_s": 14.016634757004795,
   "total_tok_per_s": 28053.524031757395,
   "output_tok_per_s": 18702.34935450493
  }
 ]
}